{
    "model": {
        "type": "naive_bayes",
        "alpha": 1.7,
        "fit_prior": false
    },
    "train": {
        "0": {
            "precision": 0.8006891068115558,
            "recall": 0.911037394451146,
            "f1-score": 0.8523063901819722,
            "support": 3316
        },
        "1": {
            "precision": 0.8551952837140752,
            "recall": 0.7665125495376486,
            "f1-score": 0.8084291187739463,
            "support": 3028
        },
        "2": {
            "precision": 0.8623445825932504,
            "recall": 0.8108559498956158,
            "f1-score": 0.8358080482031417,
            "support": 2395
        },
        "accuracy": 0.8335049776862341,
        "macro avg": {
            "precision": 0.8394096577062937,
            "recall": 0.8294686312948034,
            "f1-score": 0.8321811857196867,
            "support": 8739
        },
        "weighted avg": {
            "precision": 0.8364723277931313,
            "recall": 0.8335049776862341,
            "f1-score": 0.8325817183816745,
            "support": 8739
        },
        "roc_auc": 0.9471884228136526
    },
    "devtest_mt": {
        "0": {
            "precision": 0.5214899713467048,
            "recall": 0.7551867219917012,
            "f1-score": 0.6169491525423729,
            "support": 482
        },
        "1": {
            "precision": 0.726148409893993,
            "recall": 0.5494652406417112,
            "f1-score": 0.6255707762557077,
            "support": 748
        },
        "2": {
            "precision": 0.47641509433962265,
            "recall": 0.4105691056910569,
            "f1-score": 0.44104803493449785,
            "support": 246
        },
        "accuracy": 0.5934959349593496,
        "macro avg": {
            "precision": 0.5746844918601068,
            "recall": 0.5717403561081564,
            "f1-score": 0.5611893212441929,
            "support": 1476
        },
        "weighted avg": {
            "precision": 0.6176932859060743,
            "recall": 0.5934959349593496,
            "f1-score": 0.5920015235491731,
            "support": 1476
        },
        "roc_auc": 0.7509782511481942
    },
    "devtest_rw": {
        "0": {
            "precision": 0.5900383141762452,
            "recall": 0.717948717948718,
            "f1-score": 0.647739221871714,
            "support": 429
        },
        "1": {
            "precision": 0.6018735362997658,
            "recall": 0.5648351648351648,
            "f1-score": 0.5827664399092971,
            "support": 455
        },
        "2": {
            "precision": 0.5380710659898477,
            "recall": 0.40458015267175573,
            "f1-score": 0.46187363834422657,
            "support": 262
        },
        "accuracy": 0.5855148342059336,
        "macro avg": {
            "precision": 0.5766609721552863,
            "recall": 0.5624546784852128,
            "f1-score": 0.5641264333750792,
            "support": 1146
        },
        "weighted avg": {
            "precision": 0.5828564704078035,
            "recall": 0.5855148342059336,
            "f1-score": 0.5794500432704038,
            "support": 1146
        },
        "roc_auc": 0.7558553236559257
    }
}