{
    "model": {
        "type": "RNN",
        "hidden_dim": 64,
        "num_layers": 3,
        "learning_rate": 0.0001
    },
    "train": {
        "0": {
            "precision": 0.9642416769420469,
            "recall": 0.9433051869722557,
            "f1-score": 0.9536585365853658,
            "support": 3316
        },
        "1": {
            "precision": 0.9493502165944685,
            "recall": 0.9408850726552179,
            "f1-score": 0.9450986896666114,
            "support": 3028
        },
        "2": {
            "precision": 0.9442662389735365,
            "recall": 0.9832985386221295,
            "f1-score": 0.9633871957455512,
            "support": 2395
        },
        "accuracy": 0.9534271655795857,
        "macro avg": {
            "precision": 0.9526193775033506,
            "recall": 0.9558295994165343,
            "f1-score": 0.9540481406658428,
            "support": 8739
        },
        "weighted avg": {
            "precision": 0.9536074492424188,
            "recall": 0.9534271655795857,
            "f1-score": 0.9533588366447154,
            "support": 8739
        },
        "roc_auc": 0.9977367934740675
    },
    "devtest_mt": {
        "0": {
            "precision": 0.5555555555555556,
            "recall": 0.6535269709543569,
            "f1-score": 0.6005719733079123,
            "support": 482
        },
        "1": {
            "precision": 0.682615629984051,
            "recall": 0.5721925133689839,
            "f1-score": 0.6225454545454545,
            "support": 748
        },
        "2": {
            "precision": 0.37943262411347517,
            "recall": 0.4349593495934959,
            "f1-score": 0.4053030303030303,
            "support": 246
        },
        "accuracy": 0.575880758807588,
        "macro avg": {
            "precision": 0.5392012698843606,
            "recall": 0.5535596113056123,
            "f1-score": 0.5428068193854657,
            "support": 1476
        },
        "weighted avg": {
            "precision": 0.5905926114754491,
            "recall": 0.575880758807588,
            "f1-score": 0.5791627619166391,
            "support": 1476
        },
        "roc_auc": 0.7248488179513083
    },
    "devtest_rw": {
        "0": {
            "precision": 0.5901639344262295,
            "recall": 0.5874125874125874,
            "f1-score": 0.588785046728972,
            "support": 429
        },
        "1": {
            "precision": 0.5630434782608695,
            "recall": 0.5692307692307692,
            "f1-score": 0.566120218579235,
            "support": 455
        },
        "2": {
            "precision": 0.46332046332046334,
            "recall": 0.4580152671755725,
            "f1-score": 0.46065259117082535,
            "support": 262
        },
        "accuracy": 0.5506108202443281,
        "macro avg": {
            "precision": 0.5388426253358541,
            "recall": 0.5382195412729763,
            "f1-score": 0.5385192854930109,
            "support": 1146
        },
        "weighted avg": {
            "precision": 0.5503970958704272,
            "recall": 0.5506108202443281,
            "f1-score": 0.550492550948549,
            "support": 1146
        },
        "roc_auc": 0.7214798193278066
    }
}