{
    "model": {
        "type": "svm",
        "C": 1.0,
        "kernel": "rbf",
        "degree": 3,
        "gamma": 0.7
    },
    "train": {
        "0": {
            "precision": 0.5462328767123288,
            "recall": 0.6618257261410788,
            "f1-score": 0.5984990619136961,
            "support": 482
        },
        "1": {
            "precision": 0.6680216802168022,
            "recall": 0.6590909090909091,
            "f1-score": 0.6635262449528937,
            "support": 748
        },
        "2": {
            "precision": 0.487012987012987,
            "recall": 0.3048780487804878,
            "f1-score": 0.37500000000000006,
            "support": 246
        },
        "accuracy": 0.6009485094850948,
        "macro avg": {
            "precision": 0.5670891813140394,
            "recall": 0.5419315613374919,
            "f1-score": 0.5456751022888633,
            "support": 1476
        },
        "weighted avg": {
            "precision": 0.5980824242430253,
            "recall": 0.6009485094850948,
            "f1-score": 0.5942033733517385,
            "support": 1476
        },
        "roc_auc": 0.7530700429301818
    },
    "devtest_mt": {
        "0": {
            "precision": 0.5462328767123288,
            "recall": 0.6618257261410788,
            "f1-score": 0.5984990619136961,
            "support": 482
        },
        "1": {
            "precision": 0.6680216802168022,
            "recall": 0.6590909090909091,
            "f1-score": 0.6635262449528937,
            "support": 748
        },
        "2": {
            "precision": 0.487012987012987,
            "recall": 0.3048780487804878,
            "f1-score": 0.37500000000000006,
            "support": 246
        },
        "accuracy": 0.6009485094850948,
        "macro avg": {
            "precision": 0.5670891813140394,
            "recall": 0.5419315613374919,
            "f1-score": 0.5456751022888633,
            "support": 1476
        },
        "weighted avg": {
            "precision": 0.5980824242430253,
            "recall": 0.6009485094850948,
            "f1-score": 0.5942033733517385,
            "support": 1476
        },
        "roc_auc": 0.7530700429301818
    },
    "devtest_rw": {
        "0": {
            "precision": 0.6116071428571429,
            "recall": 0.6386946386946387,
            "f1-score": 0.6248574686431015,
            "support": 429
        },
        "1": {
            "precision": 0.5709219858156028,
            "recall": 0.7076923076923077,
            "f1-score": 0.6319921491658489,
            "support": 455
        },
        "2": {
            "precision": 0.5522388059701493,
            "recall": 0.2824427480916031,
            "f1-score": 0.3737373737373738,
            "support": 262
        },
        "accuracy": 0.5846422338568935,
        "macro avg": {
            "precision": 0.5782559782142983,
            "recall": 0.5429432314928498,
            "f1-score": 0.5435289971821081,
            "support": 1146
        },
        "weighted avg": {
            "precision": 0.5818809205898715,
            "recall": 0.5846422338568935,
            "f1-score": 0.5702787729821498,
            "support": 1146
        },
        "roc_auc": 0.7718909083186424
    }
}