{
    "model": {
        "type": "LSTM",
        "epochs": 20,
        "hidden_dim": 128,
        "num_layers": 4,
        "learning_rate": 0.0001
    },
    "train": {
        "0": {
            "precision": 0.9199043634190077,
            "recall": 0.928226779252111,
            "f1-score": 0.9240468327829481,
            "support": 3316
        },
        "1": {
            "precision": 0.909212730318258,
            "recall": 0.8963011889035667,
            "f1-score": 0.9027107932812239,
            "support": 3028
        },
        "2": {
            "precision": 0.9177740863787376,
            "recall": 0.9227557411273486,
            "f1-score": 0.9202581719758484,
            "support": 2395
        },
        "accuracy": 0.915665407941412,
        "macro avg": {
            "precision": 0.915630393372001,
            "recall": 0.9157612364276755,
            "f1-score": 0.9156719326800068,
            "support": 8739
        },
        "weighted avg": {
            "precision": 0.9156159690328631,
            "recall": 0.915665407941412,
            "f1-score": 0.915615734231143,
            "support": 8739
        },
        "roc_auc": 0.986699194927441
    },
    "devtest_mt": {
        "0": {
            "precision": 0.5777777777777777,
            "recall": 0.6473029045643154,
            "f1-score": 0.6105675146771037,
            "support": 482
        },
        "1": {
            "precision": 0.6905444126074498,
            "recall": 0.6443850267379679,
            "f1-score": 0.6666666666666667,
            "support": 748
        },
        "2": {
            "precision": 0.453781512605042,
            "recall": 0.43902439024390244,
            "f1-score": 0.4462809917355372,
            "support": 246
        },
        "accuracy": 0.6111111111111112,
        "macro avg": {
            "precision": 0.5740345676634232,
            "recall": 0.5769041071820619,
            "f1-score": 0.5745050576931026,
            "support": 1476
        },
        "weighted avg": {
            "precision": 0.6142590525881448,
            "recall": 0.6111111111111112,
            "f1-score": 0.6116160790704424,
            "support": 1476
        },
        "roc_auc": 0.7572901684217607
    },
    "devtest_rw": {
        "0": {
            "precision": 0.648910411622276,
            "recall": 0.6247086247086248,
            "f1-score": 0.6365795724465558,
            "support": 429
        },
        "1": {
            "precision": 0.5748031496062992,
            "recall": 0.6417582417582418,
            "f1-score": 0.6064382139148494,
            "support": 455
        },
        "2": {
            "precision": 0.5244444444444445,
            "recall": 0.45038167938931295,
            "f1-score": 0.48459958932238195,
            "support": 262
        },
        "accuracy": 0.5916230366492147,
        "macro avg": {
            "precision": 0.5827193352243399,
            "recall": 0.5722828486187265,
            "f1-score": 0.5758724585612625,
            "support": 1146
        },
        "weighted avg": {
            "precision": 0.591031801135486,
            "recall": 0.5916230366492147,
            "f1-score": 0.5898665936416169,
            "support": 1146
        },
        "roc_auc": 0.7638226267505868
    }
}